exclusion_reason,contract_count,share_of_contracts
retained,37,0.8809523809523809
zero bid,1,0.023809523809523808
crossed market,1,0.023809523809523808
missing bid/ask,1,0.023809523809523808
wide spread,1,0.023809523809523808
low liquidity,1,0.023809523809523808
