liquidity_bucket,option_type,contract_count,mean_iv_mid,median_iv_mid,mean_iv_range,median_iv_range,max_iv_range,mean_iv_relative_range,median_iv_relative_range
wide_spread,call,4,0.3755308669967419,0.37117644588694726,0.08214531918933936,0.06653145021989657,0.17603086512317145,0.21367306879693496,0.20551216140656486
wide_spread,put,5,0.5653028584496584,0.4899195381743814,0.09948093875928492,0.03853939634163506,0.328421601533875,0.16208743006482695,0.06349857727859572
moderate_spread,put,13,0.40119053642846697,0.3478668714297768,0.03729078889281505,0.021684388949826272,0.15343325869222357,0.08363737315078172,0.05470909187725624
moderate_spread,call,14,0.37411000098202674,0.3162885511476324,0.03933253177492346,0.021288306851284702,0.17830291922179242,0.09494289060753001,0.053151448021125175
tight_spread,put,1,0.2576055642419066,0.2576055642419066,0.007281665165232376,0.007281665165232376,0.007281665165232376,0.028266723145756543,0.028266723145756543
