dte_bucket,option_type,contract_count,median_days_to_expiry,median_gamma,max_gamma,median_theta,median_abs_theta,median_vega,median_iv_uncertainty,max_iv_uncertainty,median_spread_pct,max_spread_pct
8_to_14_DTE,call,5,7.33332175925926,0.008200089531755666,0.016459392168964786,-382.77569238072454,382.77569238072454,29.518468437395256,0.039857750180533405,0.2684792716735444,0.060416666666666737,0.0922431865828092
8_to_14_DTE,put,6,7.33332175925926,0.005490008099531358,0.015677171218469264,-423.4449451323021,423.4449451323021,26.352121834135957,0.07824633260031766,0.43098338471333114,0.08947970268724989,0.12424242424242415
31_to_60_DTE,call,6,35.333321759259256,0.004748941546362707,0.006586929745743595,-136.89786015823194,136.89786015823194,64.12442501606947,0.07713716379573216,0.39057066918427114,0.09039682539682538,0.12472222222222208
31_to_60_DTE,put,6,35.333321759259256,0.005189563243835451,0.008266301320525698,-122.07178108928761,122.07178108928761,68.62231760626617,0.05256709077025642,0.16779118132714646,0.07407407407407415,0.125
